{"cameraMode":{"drawMode":0,"name":"Shaded","section":"Shading Mode"},"sceneLighting":false,"audioPlay":false,"sceneViewState":{"m_AlwaysRefresh":false,"showFog":true,"showSkybox":false,"showFlares":true,"showImageEffects":true,"showParticleSystems":true,"showVisualEffectGraphs":true,"m_FxEnabled":true},"in2DMode":false,"pivot":{"x":0.11442059278488159,"y":0.1212807446718216,"z":4.494939804077148},"rotation":{"x":-0.17637456953525544,"y":0.00944576133042574,"z":-0.0016928897239267827,"w":-0.9842795729637146},"size":1.0687713623046876,"orthographic":true}