{"cameraMode":{"drawMode":0,"name":"Shaded","section":"Shading Mode"},"sceneLighting":false,"audioPlay":false,"sceneViewState":{"m_AlwaysRefresh":false,"showFog":true,"showSkybox":false,"showFlares":true,"showImageEffects":true,"showParticleSystems":true,"showVisualEffectGraphs":true,"m_FxEnabled":true},"in2DMode":false,"pivot":{"x":8.940696716308594e-7,"y":0.7570443153381348,"z":0.008171290159225464},"rotation":{"x":-0.48180365562438967,"y":-0.016562748700380327,"z":0.009108349680900574,"w":-0.8760772943496704},"size":1.1656168699264527,"orthographic":false}