{"cameraMode":{"drawMode":0,"name":"Shaded","section":"Shading Mode"},"sceneLighting":false,"audioPlay":false,"sceneViewState":{"m_AlwaysRefresh":false,"showFog":true,"showSkybox":false,"showFlares":true,"showImageEffects":true,"showParticleSystems":true,"showVisualEffectGraphs":true,"m_FxEnabled":true},"in2DMode":false,"pivot":{"x":0.3109050989151001,"y":1.9295521974563599,"z":9.821983337402344},"rotation":{"x":0.008178344927728176,"y":-0.714451253414154,"z":-0.008352895267307759,"w":-0.6995952725410461},"size":3.867891550064087,"orthographic":true}