{"cameraMode":{"drawMode":0,"name":"Shaded","section":"Shading Mode"},"sceneLighting":true,"audioPlay":false,"sceneViewState":{"m_AlwaysRefresh":false,"showFog":true,"showSkybox":true,"showFlares":true,"showImageEffects":true,"showParticleSystems":true,"showVisualEffectGraphs":true,"m_FxEnabled":true},"in2DMode":false,"pivot":{"x":-0.7096244692802429,"y":1.7794963121414185,"z":-2.463836193084717},"rotation":{"x":-0.4936584532260895,"y":0.007041179575026035,"z":-0.00399750517681241,"w":-0.8696200847625732},"size":6.795442581176758,"orthographic":false}